,Job Title,Company Name,Company Location,Intern Duration,Stipend,Job Details Url
0,DevOps,PeerXP Technologies,Bangalore,6 Months,"₹ 8,000-12,000 /month",https://internshala.com/internship/details/devops-internship-in-bangalore-at-peerxp-technologies1737134256
1,Web Development,Revolution Ventures,Bangalore                                                            (Hybrid),6 Months,"₹ 4,000 /month",https://internshala.com/internship/detail/part-time-web-development-internship-in-bangalore-at-revolution-ventures1737129928
2,ReactJS Development,Bodhi Labs Software Services Private Limited,Bangalore,2 Months,"₹ 5,000-10,000 /month",https://internshala.com/internship/details/reactjs-development-internship-in-bangalore-at-bodhi-labs-software-services-private-limited1737117172
3,Odoo Developer,Sankethi Nutriments Private Limited,Bangalore,6 Months,"₹ 15,000-20,000 /month",https://internshala.com/internship/details/odoo-developer-internship-in-bangalore-at-sankethi-nutriments-private-limited1737114594
4,Java Development (Walk-In Urgent Hiring),CYPWNG Software Technologies,"Chennai, Delhi, Bangalore, Hyderabad, Mumbai",6 Months,"₹ 8,000-12,000 /month",https://internshala.com/internship/details/java-development-walk-in-urgent-hiring-internship-in-multiple-locations-at-cypwng-software-technologies1737094891
5,Python Development,CYPWNG Software Technologies,"Chennai, Bangalore, Hyderabad, Mumbai",6 Months,"₹ 8,000-12,000 /month",https://internshala.com/internship/details/python-development-internship-in-multiple-locations-at-cypwng-software-technologies1737094310
6,Python Development (Urgent Hiring),CYPWNG Software Technologies,"Chennai, Pune, Bangalore, Hyderabad, Mumbai",6 Months,"₹ 8,000-12,000 /month",https://internshala.com/internship/details/python-development-urgent-hiring-internship-in-multiple-locations-at-cypwng-software-technologies1737094094
7,Web Development,Next Element,Bangalore,6 Months,"₹ 10,000 /month",https://internshala.com/internship/details/web-development-internship-in-bangalore-at-next-element1737026607
8,Full Stack Development,IndianAppGuy Tech Private Limited,Bangalore,6 Months,"₹ 15,000 /month",https://internshala.com/internship/details/full-stack-development-internship-in-bangalore-at-indianappguy-tech-private-limited1737015122
9,Flutter Development,CSTech Infosolutions Private Limited,Bangalore,6 Months,"₹ 10,000-15,000 /month",https://internshala.com/internship/details/flutter-development-internship-in-bangalore-at-cstech-infosolutions-private-limited1737009138
10,WordPress Development,CYPWNG Software Technologies,"Chennai, Bangalore, Hyderabad, Mumbai, Odisha",6 Months,"₹ 10,000-12,500 /month",https://internshala.com/internship/details/wordpress-development-internship-in-multiple-locations-at-cypwng-software-technologies1736753279
11,Python Development,CYPWNG Software Technologies,"Chennai, Pune, Bangalore, Hyderabad, Mumbai",6 Months,"₹ 8,000-12,000 /month",https://internshala.com/internship/details/python-development-internship-in-multiple-locations-at-cypwng-software-technologies1736594071
12,Java Development,CYPWNG Software Technologies,"Delhi, Bangalore, Hyderabad, Mumbai",6 Months,"₹ 8,000-12,000 /month",https://internshala.com/internship/details/java-development-internship-in-multiple-locations-at-cypwng-software-technologies1736593411
13,Java Development,CYPWNG Software Technologies,"Delhi, Bangalore, Hyderabad, Mumbai",6 Months,"₹ 8,000-12,000 /month",https://internshala.com/internship/details/java-development-internship-in-multiple-locations-at-cypwng-software-technologies1736593347
14,Java Developer - Walk-in,CYPWNG Software Technologies,"Bangalore, Hyderabad, Vishakhapatnam, Mumbai",6 Months,"₹ 8,000-12,000 /month",https://internshala.com/internship/details/java-developer-walk-in-internship-in-multiple-locations-at-cypwng-software-technologies1736420801
15,Java-Urgent Hiring,CYPWNG Software Technologies,"Chennai, Delhi, Pune, Visakhapatnam, Bangalore, Hyderabad, Mumbai",6 Months,"₹ 8,000-12,000 /month",https://internshala.com/internship/details/java-urgent-hiring-internship-in-multiple-locations-at-cypwng-software-technologies1736420718
16,Python-Urgent Hiring,CYPWNG Software Technologies,"Chennai, Delhi, Pune, Bangalore, Hyderabad, Mumbai",6 Months,"₹ 8,000-12,000 /month",https://internshala.com/internship/details/python-urgent-hiring-internship-in-multiple-locations-at-cypwng-software-technologies1736420565
17,Python Development,Biztel.ai,Bangalore,6 Months,"₹ 14,000 /month",https://internshala.com/internship/details/python-development-internship-in-bangalore-at-biztelai1735711397
18,Full Stack Development,RBK Technologies,Bangalore,3 Months,"₹ 12,000-15,000 /month",https://internshala.com/internship/details/full-stack-development-internship-in-bangalore-at-rbk-technologies1735639712
19,Front End Development,Blurgs,Bangalore,6 Months,"₹ 30,000 /month",https://internshala.com/internship/details/front-end-development-internship-in-bangalore-at-blurgs1735536956
20,DevOps,InstantPost,"Lucknow, Bangalore                                                            (Hybrid)",6 Months,"₹ 2,000-15,000 /month",https://internshala.com/internship/details/devops-internship-in-multiple-locations-at-instantpost1734675223
21,WordPress Development,InstantPost,"Lucknow, Bangalore                                                            (Hybrid)",6 Months,"₹ 2,000-15,000 /month",https://internshala.com/internship/details/wordpress-development-internship-in-multiple-locations-at-instantpost1734675012
22,Electronics Engineering,InstantPost,"Lucknow, Bangalore                                                            (Hybrid)",6 Months,"₹ 2,000-15,000 /month",https://internshala.com/internship/details/kicad-pcb-designing-internship-in-multiple-locations-at-instantpost1734668817
23,Front End Development,Lazy Idli Private Limited,Bangalore,3 Months,"₹ 16,000 /month",https://internshala.com/internship/details/front-end-development-internship-in-bangalore-at-lazy-idli-private-limited1734432054
24,Full Stack Development,ActiveLoc,Bangalore                                                            (Hybrid),3 Months,"₹ 12,000 /month",https://internshala.com/internship/details/full-stack-development-internship-in-bangalore-at-activeloc1733486208
25,Angular.js Development,JSM Technologies Private Limited,Bangalore,6 Months,"₹ 4,000 /month +  Incentives",https://internshala.com/internship/detail/angularjs-development-internship-in-bangalore-at-jsm-technologies-private-limited1731481259
26,Digital Marketing,Tripo Saints,Greater Noida,4 Months,"₹ 10,000 /month",https://internshala.com/internship/details/digital-marketing-internship-in-greater-noida-at-tripo-saints1734343297
27,Export Documentation Specialist,Hagerstone International Private Limited,Noida,1 Month,"₹ 12,000 /month +  Incentives",https://internshala.com/internship/details/export-documentation-specialist-internship-in-noida-at-hagerstone-international-private-limited1735558134
28,Supply Chain & Logistics Operations,GLIDO,"Delhi, Gurgaon                                                            (Hybrid)",6 Months,"₹ 5,000 /month",https://internshala.com/internship/detail/supply-chain-logistics-operations-internship-in-multiple-locations-at-glido1736355333
29,YouTube Operations,Internshala,Gurgaon,6 Months,"₹ 18,000 /month",https://internshala.com/internship/details/youtube-operations-internship-in-gurgaon-at-internshala1736509401
30,Content Writing,Bytesview Analytics Private Limited,Noida,3 Months,"₹ 7,000-10,000 /month",https://internshala.com/internship/details/content-writing-internship-in-noida-at-bytesview-analytics-private-limited1736409192
31,Search Engine Optimization (SEO),Mobilogi Technologies,Gurgaon,2 Months,"₹ 8,000 /month",https://internshala.com/internship/detail/search-engine-optimization-seo-internship-in-gurgaon-at-mobilogi-technologies1737027692
32,Sales,CasaGold,Gurgaon,3 Months,"₹ 12,000 /month",https://internshala.com/internship/details/sales-internship-in-gurgaon-at-casagold1736938452
33,Operations  (Reporting),AppVersal,Noida,4 Months,"₹ 7,000-8,000 /month",https://internshala.com/internship/detail/operations-reporting-internship-in-noida-at-appversal1737008676
34,Faculty Trainee - Faculty Excellence Program,Adda247,Gurgaon,1 Month,"₹ 15,000 /month",https://internshala.com/internship/detail/faculty-trainee-faculty-excellence-program-internship-in-gurgaon-at-adda2471736243615
35,Content Writing,Spyne,Gurgaon,3 Months,"₹ 15,000-20,000 /month",https://internshala.com/internship/details/content-writing-internship-in-gurgaon-at-spyne1736329627
36,Sales Development Representative (SDR),Thedatataskers,"Delhi, Gurgaon, Bangalore, Mumbai",6 Months,"₹ 8,000-12,000 /month",https://internshala.com/internship/details/sales-development-representative-sdr-internship-in-multiple-locations-at-thedatataskers1737182864
37,Customer Service/Customer Support,Dharamshila Belting Private Limited,Gurgaon,6 Months,"₹ 10,000 /month",https://internshala.com/internship/details/customer-service-customer-support-internship-in-gurgaon-at-dharamshila-belting-private-limited1736943502
38,E-commerce Operations,Accuvision Enterprises LLP,Noida,6 Months,"₹ 6,000 /month +  Incentives",https://internshala.com/internship/detail/e-commerce-operations-internship-in-noida-at-accuvision-enterprises-llp1737177885
39,CAD Design,Apothecaries Sundries Mfg Co. ASCO,"Delhi, Gurgaon                                                            (Hybrid)",1 Month,"₹ 10,000-20,000 /month",https://internshala.com/internship/details/cad-design-internship-in-multiple-locations-at-apothecaries-sundries-mfg-co-asco1737173902
40,Content Creator,Everstylish Lifestyle Private Limited,"Delhi, Gurgaon",3 Months,"₹ 10,000 /month",https://internshala.com/internship/details/content-creator-internship-in-multiple-locations-at-everstylish-lifestyle-private-limited1737171069
41,Teaching Assistant - UI/UX Design,Internshala,Gurgaon,6 Months,"₹ 18,000 /month",https://internshala.com/internship/details/teaching-assistant-ui-ux-design-internship-in-gurgaon-at-internshala1737172483
42,Customer Service/Customer Support,LimeTray,Gurgaon                                                            (Hybrid),3 Months,"₹ 10,000 /month",https://internshala.com/internship/details/customer-service-customer-support-internship-in-gurgaon-at-limetray1736404470
43,Meta Ads,Mangostine Technologies Private Limited,Noida,3 Months,"₹ 7,000 /month",https://internshala.com/internship/details/meta-ads-internship-in-noida-at-mangostine-technologies-private-limited1737088026
44,Content Writing,IndiTab Esolutions Private Limited,Noida,6 Months,"₹ 12,000 /month",https://internshala.com/internship/details/content-writing-internship-in-noida-at-inditab-esolutions-private-limited1737029028
45,Motion Graphics,Mangostine Technologies Private Limited,Noida,3 Months,"₹ 7,000-10,000 /month",https://internshala.com/internship/detail/motion-graphics-internship-in-noida-at-mangostine-technologies-private-limited1737101065
46,Quality Control,Arcatron Mobility Private Limited,Delhi,6 Months,"₹ 10,000 /month",https://internshala.com/internship/details/quality-control-internship-in-delhi-at-arcatron-mobility-private-limited1737097380
47,Video Editing/Making,Mangostine Technologies Private Limited,Noida,3 Months,"₹ 7,000 /month +  Incentives",https://internshala.com/internship/detail/video-editing-making-internship-in-noida-at-mangostine-technologies-private-limited1737089588
48,FOTS Engineer,Isourse,Delhi,6 Months,"₹ 15,000 /month",https://internshala.com/internship/detail/fots-engineer-internship-in-delhi-at-isourse1737108438
49,Architecture,HK Design,Gurgaon,6 Months,"₹ 10,000-15,000 /month",https://internshala.com/internship/detail/architecture-internship-in-gurgaon-at-hk-design1737104223
50,Community Management,NestAway Technologies Private Limited,Delhi,6 Months,"₹ 20,000 /month",https://internshala.com/internship/detail/community-management-internship-in-delhi-at-nestaway-technologies-private-limited1737087840
51,Event Management,NestAway Technologies Private Limited,Delhi,3 Months,"₹ 20,000-25,000 /month",https://internshala.com/internship/detail/event-management-internship-in-delhi-at-nestaway-technologies-private-limited1737087754
52,Travel Consultant,KAJAL CHAURASIYA,Delhi,3 Months,"₹ 8,000 /month",https://internshala.com/internship/detail/travel-consultant-internship-in-delhi-at-kajal-chaurasiya1737107959
53,Fashion Design,Mangostine Technologies Private Limited,Noida,3 Months,"₹ 7,000 /month",https://internshala.com/internship/detail/fashion-design-internship-in-noida-at-mangostine-technologies-private-limited1737088580
54,Recruitment,Codeacious Technologies Private Limited,Noida,6 Months,"₹ 7,000 /month",https://internshala.com/internship/detail/recruitment-internship-in-noida-at-codeacious-technologies-private-limited1737118096
55,Video Editing/Making,Underpin Services,Delhi,4 Months,"₹ 10,000-15,000 /month",https://internshala.com/internship/detail/video-editing-making-internship-in-delhi-at-underpin-services1737088681
56,Company Secretary (CS),GoMechanic,Gurgaon,3 Months,"₹ 15,000 /month",https://internshala.com/internship/details/company-secretary-cs-internship-in-gurgaon-at-gomechanic1737115770
57,Videography and Editing,Internshala,Gurgaon,6 Months,"₹ 18,000 /month",https://internshala.com/internship/detail/videography-and-editing-internship-in-gurgaon-at-internshala1737113497
58,Copywriting,Ayurveda House Private Limited,Delhi,3 Months,"₹ 10,000-12,000 /month",https://internshala.com/internship/details/copywriting-internship-in-delhi-at-ayurveda-house-private-limited1737098222
59,Business Development (Sales),Enout,Gurgaon,2 Months,"₹ 10,000-25,000 /month",https://internshala.com/internship/details/business-development-sales-internship-in-gurgaon-at-enout1737109247
60,Admission Counselor,Riddhi Siddhi Education,Delhi,6 Months,"₹ 15,000 /month",https://internshala.com/internship/details/admission-counselor-internship-in-delhi-at-riddhi-siddhi-education1737096948
61,Content Writing,Ayurveda House Private Limited,Delhi,3 Months,"₹ 10,000-12,000 /month",https://internshala.com/internship/details/content-writing-internship-in-delhi-at-ayurveda-house-private-limited1737093777
62,Sales Copywriter,Mangostine Technologies Private Limited,Noida,3 Months,"₹ 7,000 /month",https://internshala.com/internship/detail/sales-copywriter-internship-in-noida-at-mangostine-technologies-private-limited1737088770
63,Telecalling,Scintill Infotech,Gurgaon,6 Months,"₹ 10,000 /month",https://internshala.com/internship/detail/telecalling-internship-in-gurgaon-at-scintill-infotech1737114664
64,Lead Generation,Kit19 (Pel Softlabs Private Limited),"Delhi, West",6 Months,"₹ 10,000 /month",https://internshala.com/internship/details/lead-generation-internship-in-multiple-locations-at-kit19-pel-softlabs-private-limited1737098465
65,Digital Marketing,Riddhi Siddhi Education,Delhi,6 Months,"₹ 15,000 /month",https://internshala.com/internship/details/digital-marketing-internship-in-delhi-at-riddhi-siddhi-education1737096439
66,Influencer & PR Marketing,IndiTab Esolutions Private Limited,Noida,6 Months,"₹ 12,000 /month",https://internshala.com/internship/details/influencer-pr-marketing-internship-in-noida-at-inditab-esolutions-private-limited1737097531
67,Event And Partnership,Times Internet,Noida,6 Months,"₹ 10,000 /month",https://internshala.com/internship/detail/event-and-partnership-internship-in-noida-at-times-internet1737122394
68,Marketing,Anukaram Wellness Private Limited,Gurgaon                                                            (Hybrid),3 Months,"₹ 2,000 /month",https://internshala.com/internship/detail/part-time-marketing-internship-in-gurgaon-at-anukaram-wellness-private-limited1737118387
69,Strategic Alliances & Partnership,IndiTab Esolutions Private Limited,Noida,6 Months,"₹ 12,000 /month",https://internshala.com/internship/details/strategic-alliances-partnership-internship-in-noida-at-inditab-esolutions-private-limited1737097951
70,Content Writing,TheCoinRepublic,Gurgaon,6 Months,"₹ 15,000 /month",https://internshala.com/internship/details/content-writing-internship-in-gurgaon-at-thecoinrepublic1737093007
71,Business Development (Sales),Ventes Avenues,Gurgaon,6 Months,"₹ 15,000 /month",https://internshala.com/internship/details/business-development-sales-internship-in-gurgaon-at-ventes-avenues1737111758
72,Digital Marketing,Shukla Enterprises,Delhi,3 Months,"₹ 10,000 /month",https://internshala.com/internship/details/digital-marketing-internship-in-delhi-at-shukla-enterprises1737102025
73,HR Coordinator,Pawzz,Gurgaon                                                            (Hybrid),4 Months,"₹ 12,000 /month",https://internshala.com/internship/details/hr-coordinator-internship-in-gurgaon-at-pawzz1737114330
74,Entrepreneur In Residense,Monkhub,"Delhi, Ghaziabad, Gurgaon, Noida",6 Months,"₹ 8,000-12,000 /month",https://internshala.com/internship/details/entrepreneur-in-residense-internship-in-multiple-locations-at-monkhub1737104200
75,Social Media Marketing,Zuvomo Private Limited,Delhi                                                            (Hybrid),3 Months,"₹ 12,000 /month",https://internshala.com/internship/details/social-media-marketing-internship-in-delhi-at-zuvomo-private-limited1737027208
76,Content Creator,Pick Your Plant,Hyderabad,3 Months,"₹ 3,000 /month",https://internshala.com/internship/detail/part-time-content-creator-internship-in-hyderabad-at-pick-your-plant1736166019
77,Inventory Management And Accounts,Pick Your Plant,Hyderabad,3 Months,"₹ 3,000 /month",https://internshala.com/internship/detail/inventory-management-and-accounts-internship-in-hyderabad-at-pick-your-plant1736404141
78,Business Development And Hiring Support Intern,Transition Computing India,Hyderabad,4 Months,"₹ 6,000-8,000 /month",https://internshala.com/internship/details/business-development-and-hiring-support-intern-internship-in-hyderabad-at-transition-computing-india1735284539
79,Angular Developer,Transition Computing India,Hyderabad,4 Months,"₹ 8,000-12,000 /month",https://internshala.com/internship/details/angular-developer-internship-in-hyderabad-at-transition-computing-india1735972852
80,Salesforce,SmartBridge Educational Services Private Limited,Hyderabad,6 Months,"₹ 5,000-10,000 /month",https://internshala.com/internship/details/salesforce-internship-in-hyderabad-at-smartbridge-educational-services-private-limited1737184985
81,Student Mentor,MastersHelp,"Secunderabad, Hyderabad",3 Months,"₹ 5,000 /month",https://internshala.com/internship/details/student-mentor-internship-in-multiple-locations-at-mastershelp1737182129
82,Inside Sales,F-GRADE GLOBAL SERVICES PRIVATE LIMITED,Hyderabad,6 Months,"₹ 8,000 /month",https://internshala.com/internship/detail/inside-sales-internship-in-hyderabad-at-f-grade-global-services-private-limited1737107157
83,Video Editing/Making,Limescreen Entertainment & Productions,Hyderabad,3 Months,"₹ 5,000-12,000 /month",https://internshala.com/internship/detail/video-editing-making-internship-in-hyderabad-at-limescreen-entertainment-productions1735558993
84,Social Media Marketing,Spark Academy,Hyderabad,6 Months,"₹ 7,000 /month",https://internshala.com/internship/detail/social-media-marketing-internship-in-hyderabad-at-spark-academy1737089615
85,Human Resources (HR),Jobskey,Hyderabad,4 Months,"₹ 8,000-10,000 /month",https://internshala.com/internship/detail/human-resources-hr-internship-in-hyderabad-at-jobskey1737111954
86,Operations,DeepThought Edutech Ventures Private Limited,"Delhi, Bangalore, Hyderabad, Mumbai, Vishakhapatnam",6 Months,"₹ 22,000 /month",https://internshala.com/internship/details/operations-internship-in-multiple-locations-at-deepthought-edutech-ventures-private-limited1737098851
87,AWS Developer,SmartBridge Educational Services Private Limited,Hyderabad,6 Months,"₹ 5,000-10,000 /month",https://internshala.com/internship/detail/aws-developer-internship-in-hyderabad-at-smartbridge-educational-services-private-limited1737112110
88,Sales Consultant,Jayanth Jewellers,"Chennai, Delhi, Pune, Bangalore, Hyderabad, Mumbai",6 Months,"₹ 10,000 /week +  Incentives",https://internshala.com/internship/details/sales-consultant-internship-in-multiple-locations-at-jayanth-jewellers1737096955
89,Sales & Marketing,MastersHelp,"Secunderabad, Hyderabad",3 Months,"₹ 5,000 /month",https://internshala.com/internship/detail/sales-marketing-internship-in-multiple-locations-at-mastershelp1737029878
90,Business Development (Sales),GrayQuest Education Finance Private Limited,"Hyderabad, Telangana",3 Months,"₹ 12,000 /month",https://internshala.com/internship/details/business-development-sales-internship-in-multiple-locations-at-grayquest-education-finance-private-limited1737013972
91,Video Editing/Making,Addads,Hyderabad                                                            (Hybrid),3 Months,"₹ 4,000-15,000 /month",https://internshala.com/internship/detail/video-editing-making-internship-in-hyderabad-at-addads1737031072
92,Aerospace Engineering,Ziegler Aerospace,Hyderabad,6 Months,"₹ 2,000 /month",https://internshala.com/internship/detail/aerospace-engineering-internship-in-hyderabad-at-ziegler-aerospace1737008753
93,Email Support,Ziegler Aerospace,Hyderabad,6 Months,"₹ 8,000-10,000 /month",https://internshala.com/internship/details/email-support-internship-in-hyderabad-at-ziegler-aerospace1736932871
94,Artificial Intelligence (AI),Transition Computing India,Hyderabad,4 Months,"₹ 8,000-12,000 /month",https://internshala.com/internship/details/artificial-intelligence-ai-internship-in-hyderabad-at-transition-computing-india1737105256
95,Field Sales,PSYDN WATER,"Bangalore, Hyderabad, Goa Velha, Delhi",6 Months,"₹ 10,000-15,000 /month",https://internshala.com/internship/details/field-sales-internship-in-multiple-locations-at-psydn-water1736416305
96,Digital Marketing,8Views,Hyderabad,3 Months,"₹ 5,000-10,000 /month",https://internshala.com/internship/detail/digital-marketing-internship-in-hyderabad-at-8views1736751587
97,Client Servicing,8Views,"Secunderabad, Hyderabad, Telangana",3 Months,"₹ 8,000-10,000 /month",https://internshala.com/internship/detail/client-servicing-internship-in-multiple-locations-at-8views1736771838
98,Video Editing/Making,Techdome Solutions Private Limited,Hyderabad                                                            (Hybrid),3 Months,"₹ 10,000 /month",https://internshala.com/internship/detail/video-editing-making-internship-in-hyderabad-at-techdome-solutions-private-limited1736341015
99,Field Representative,Aware,Hyderabad,3 Months,"₹ 15,000 /month +  Incentives",https://internshala.com/internship/details/field-representative-internship-in-hyderabad-at-aware1736136824
100,Business Development (Sales),My Hub Technologies Limited,Hyderabad,3 Months,"₹ 10,000 /month",https://internshala.com/internship/details/business-development-sales-internship-in-hyderabad-at-my-hub-technologies-limited1736159627
101,International Business Development,Finsignments Private Limited,Hyderabad,2 Months,"₹ 8,000 /month",https://internshala.com/internship/details/international-business-development-internship-in-hyderabad-at-finsignments-private-limited1736489508
102,Trainee - Corporate Sales,BookMyShow,Hyderabad,3 Months,"₹ 11,250 /month",https://internshala.com/internship/details/trainee-corporate-sales-internship-in-hyderabad-at-bookmyshow1736237423
103,Marketing,Water Town Swim School,Hyderabad,3 Months,"₹ 7,000 /month",https://internshala.com/internship/detail/part-time-marketing-internship-in-hyderabad-at-water-town-swim-school1736518027
104,Construction Site Engineering,Coinfinitive,Hyderabad,6 Months,"₹ 20,000 /month",https://internshala.com/internship/detail/construction-site-engineering-internship-in-hyderabad-at-coinfinitive1737143232
105,Graphic Design,Kalakriti India,Hyderabad,6 Months,"₹ 15,000 /month",https://internshala.com/internship/details/graphic-design-internship-in-hyderabad-at-kalakriti-india1737111737
106,Operations,Fleetronix Systems Private Limited,Hyderabad,6 Months,"₹ 15,000 /month",https://internshala.com/internship/details/operations-internship-in-hyderabad-at-fleetronix-systems-private-limited1737116047
107,Finance & Accounting,TMHM Consulting Services Private Limited,Hyderabad                                                            (Hybrid),3 Months,"₹ 8,000-15,000 /month",https://internshala.com/internship/details/finance-accounting-internship-in-hyderabad-at-tmhm-consulting-services-private-limited1737111991
108,Machine Learning,SmartBridge Educational Services Private Limited,Hyderabad,6 Months,"₹ 5,000-10,000 /month",https://internshala.com/internship/details/machine-learning-internship-in-hyderabad-at-smartbridge-educational-services-private-limited1737111302
109,Digital Marketing,GenY Medium,"Chennai, Hyderabad, Keralapuram",6 Months,"₹ 15,000 /month",https://internshala.com/internship/details/digital-marketing-internship-in-multiple-locations-at-geny-medium1737110751
110,Digital Marketing,India Clean Energy,"Surat, Hyderabad                                                            (Hybrid)",6 Months,"₹ 5,000 /month",https://internshala.com/internship/detail/digital-marketing-internship-in-multiple-locations-at-india-clean-energy1737109915
111,Full Stack Development,SmartBridge Educational Services Private Limited,Hyderabad,6 Months,"₹ 5,000-10,000 /month",https://internshala.com/internship/details/full-stack-development-internship-in-hyderabad-at-smartbridge-educational-services-private-limited1737107543
112,Marketing,Multiplier Solutions,Hyderabad,6 Months,"₹ 20,000 /month",https://internshala.com/internship/details/marketing-internship-in-hyderabad-at-multiplier-solutions1737107157
113,Digital Marketing,Country Chicken Co.,Hyderabad,2 Months,"₹ 15,000 /month",https://internshala.com/internship/details/digital-marketing-internship-in-hyderabad-at-country-chicken-co1737101926
114,Product Marketing,Mindenious Edutech,"Chennai, Pune, Visakhapatnam, Bangalore, Hyderabad, Bhopal, Mumbai, Jaipur, Noida, Nagpur, Vellore, Ramapuram, Karnataka                                                            (Hybrid)",3 Months,"₹ 8,000-10,000 /month",https://internshala.com/internship/detail/part-time-product-marketing-internship-in-multiple-locations-at-mindenious-edutech1737099697
115,Java Development (Walk-In Urgent Hiring),CYPWNG Software Technologies,"Chennai, Delhi, Bangalore, Hyderabad, Mumbai",6 Months,"₹ 8,000-12,000 /month",https://internshala.com/internship/details/java-development-walk-in-urgent-hiring-internship-in-multiple-locations-at-cypwng-software-technologies1737094891
116,Python Development,CYPWNG Software Technologies,"Chennai, Bangalore, Hyderabad, Mumbai",6 Months,"₹ 8,000-12,000 /month",https://internshala.com/internship/details/python-development-internship-in-multiple-locations-at-cypwng-software-technologies1737094310
117,Python Development (Urgent Hiring),CYPWNG Software Technologies,"Chennai, Pune, Bangalore, Hyderabad, Mumbai",6 Months,"₹ 8,000-12,000 /month",https://internshala.com/internship/details/python-development-urgent-hiring-internship-in-multiple-locations-at-cypwng-software-technologies1737094094
118,Graphic Design,Profound Digital,Hyderabad                                                            (Hybrid),6 Months,"₹ 5,000-10,000 /month",https://internshala.com/internship/details/part-time-graphic-design-internship-in-hyderabad-at-profound-digital1737092061
119,Human Resources (HR),Roligt Foods Private Limited (COCOWORKS),Hyderabad,6 Months,"₹ 15,000 /month",https://internshala.com/internship/details/human-resources-hr-internship-in-hyderabad-at-roligt-foods-private-limited-cocoworks1737090555
120,Company Secretary (CS),Makarand M Joshi & Co,"Navi Mumbai, Mumbai",24 Months,"₹ 10,000 /month",https://internshala.com/internship/details/company-secretary-cs-internship-in-multiple-locations-at-makarand-m-joshi-co1735881256
121,Corporate Sales,Break The Code,Mumbai,3 Months,"₹ 7,000 /month",https://internshala.com/internship/details/corporate-sales-internship-in-mumbai-at-break-the-code1737003777
122,International Business Development,Break The Code,Mumbai,3 Months,"₹ 7,000 /month",https://internshala.com/internship/details/international-business-development-internship-in-mumbai-at-break-the-code1737003967
123,Business Development (Sales),Break The Code,Mumbai,3 Months,"₹ 7,000 /month",https://internshala.com/internship/details/business-development-sales-internship-in-mumbai-at-break-the-code1737004662
124,Architecture,Maadhu Creatives Model Making Company,"Palghar, Mumbai",3 Months,"₹ 10,000 /month",https://internshala.com/internship/details/architecture-internship-in-multiple-locations-at-maadhu-creatives-model-making-company1735590292
125,Mechanical Engineering,Capco Water Solutions,Mumbai,3 Months,"₹ 5,000-15,000 /month",https://internshala.com/internship/details/mechanical-engineering-internship-in-mumbai-at-capco-water-solutions1736918084
126,Law/Legal,Faclon,Mumbai,3 Months,"₹ 7,000-10,000 /month",https://internshala.com/internship/detail/law-legal-internship-in-mumbai-at-faclon1737184321
127,Sales Development Representative (SDR),Thedatataskers,"Delhi, Gurgaon, Bangalore, Mumbai",6 Months,"₹ 8,000-12,000 /month",https://internshala.com/internship/details/sales-development-representative-sdr-internship-in-multiple-locations-at-thedatataskers1737182864
128,Operations Manager,PatilKaki,Navi Mumbai,6 Months,"₹ 10,000 /month",https://internshala.com/internship/details/operations-manager-internship-in-navi-mumbai-at-patilkaki1737176728
129,Business Development (Sales),ChemStride,Mumbai                                                            (Hybrid),6 Months,"₹ 5,000 /month",https://internshala.com/internship/detail/business-development-sales-internship-in-mumbai-at-chemstride1737175780
130,Inside Sales,ChemStride,Mumbai                                                            (Hybrid),6 Months,"₹ 5,000 /month",https://internshala.com/internship/detail/inside-sales-internship-in-mumbai-at-chemstride1737172534
131,Accounting & Taxation,Saumya Thakkar & Associates,Mumbai,6 Months,"₹ 8,000-10,000 /month",https://internshala.com/internship/details/accounting-taxation-internship-in-mumbai-at-saumya-thakkar-associates1737171936
132,Print,Tomorrowland Apparels Private Limited,Mumbai,3 Months,"₹ 10,000 /month",https://internshala.com/internship/details/print-internship-in-mumbai-at-tomorrowland-apparels-private-limited1737098607
133,Program Management,IIDE Education Private Limited,Mumbai,6 Months,"₹ 5,000 /month",https://internshala.com/internship/detail/program-management-internship-in-mumbai-at-iide-education-private-limited1737090716
134,Talent Acquisition,Triumph System And Solutions Private Limited,Mumbai,6 Months,"₹ 12,000 /month",https://internshala.com/internship/details/talent-acquisition-internship-in-mumbai-at-triumph-system-and-solutions-private-limited1737106017
135,Human Resources (HR),Special Situation Advisors India Private Limited,Navi Mumbai,6 Months,"₹ 10,000-12,000 /month",https://internshala.com/internship/details/human-resources-hr-internship-in-navi-mumbai-at-special-situation-advisors-india-private-limited1737096523
136,Graphic Design,Tomorrowland Apparels Private Limited,Mumbai,3 Months,"₹ 10,000 /month",https://internshala.com/internship/details/graphic-design-internship-in-mumbai-at-tomorrowland-apparels-private-limited1737095066
137,Law/Legal,Special Situation Advisors India Private Limited,"Thane, Navi Mumbai, Mumbai, Vashi, Panvel",6 Months,"₹ 7,000-10,000 /month",https://internshala.com/internship/detail/law-legal-internship-in-multiple-locations-at-special-situation-advisors-india-private-limited1737092166
138,Growth Partner,WhizJuniors,Mumbai,6 Months,"₹ 15,000 /month",https://internshala.com/internship/details/growth-partner-internship-in-mumbai-at-whizjuniors1737100917
139,Customer Acquisition,Saffron4health,Mumbai,6 Months,"₹ 10,000 /month",https://internshala.com/internship/details/part-time-customer-acquisition-internship-in-mumbai-at-saffron4health1737107748
140,Business Development (Sales),Ventes Avenues,Mumbai,6 Months,"₹ 15,000 /month",https://internshala.com/internship/details/business-development-sales-internship-in-mumbai-at-ventes-avenues1737111454
141,Brand Management,REARRANGE HOME,Mumbai,3 Months,"₹ 12,000 /month",https://internshala.com/internship/details/brand-management-internship-in-mumbai-at-rearrange-home1736494332
142,Digital Marketing,Growth Engage,Mumbai                                                            (Hybrid),6 Months,"₹ 15,000 /month",https://internshala.com/internship/details/digital-marketing-internship-in-mumbai-at-growth-engage1737117736
143,Lead Generation,WEMATTER PXT Limited,Mumbai,6 Months,"₹ 15,000 /month",https://internshala.com/internship/details/lead-generation-internship-in-mumbai-at-wematter-pxt-limited1737094453
144,Digital Marketing,Mouth And Foot Painting Artists,"Navi Mumbai, Mumbai",3 Months,"₹ 8,000 /month",https://internshala.com/internship/details/part-time-digital-marketing-internship-in-multiple-locations-at-mouth-and-foot-painting-artists1737101399
145,Telecalling,Saffron4health,Mumbai,6 Months,"₹ 10,000 /month",https://internshala.com/internship/detail/part-time-telecalling-internship-in-mumbai-at-saffron4health1737105013
146,Human Resources (HR),Saffron4health,Mumbai,6 Months,"₹ 10,000 /month",https://internshala.com/internship/details/part-time-human-resources-hr-internship-in-mumbai-at-saffron4health1737105325
147,Product Marketing,Saffron4health,Mumbai,6 Months,"₹ 10,000 /month",https://internshala.com/internship/details/part-time-product-marketing-internship-in-mumbai-at-saffron4health1737106561
148,Marketing,Saffron4health,Mumbai,6 Months,"₹ 10,000 /month",https://internshala.com/internship/details/part-time-marketing-internship-in-mumbai-at-saffron4health1737106388
149,Lead Generation Specialist,Kaizen Hansei LLP,"Pune, Bangalore, Mumbai, Mysuru                                                            (Hybrid)",4 Months,"₹ 15,000 /month",https://internshala.com/internship/details/lead-generation-specialist-internship-in-multiple-locations-at-kaizen-hansei-llp1737088058
150,Operations,DeepThought Edutech Ventures Private Limited,"Delhi, Bangalore, Hyderabad, Mumbai, Vishakhapatnam",6 Months,"₹ 22,000 /month",https://internshala.com/internship/details/operations-internship-in-multiple-locations-at-deepthought-edutech-ventures-private-limited1737098851
151,Sales Consultant,Jayanth Jewellers,"Chennai, Delhi, Pune, Bangalore, Hyderabad, Mumbai",6 Months,"₹ 10,000 /week +  Incentives",https://internshala.com/internship/details/sales-consultant-internship-in-multiple-locations-at-jayanth-jewellers1737096955
152,Program/Campaign Manager,WEMATTER PXT Limited,Mumbai,6 Months,"₹ 15,000 /month",https://internshala.com/internship/detail/program-campaign-manager-internship-in-mumbai-at-wematter-pxt-limited1737002864
153,Business Development (Sales),GrayQuest Education Finance Private Limited,Mumbai,3 Months,"₹ 12,000 /month",https://internshala.com/internship/details/business-development-sales-internship-in-mumbai-at-grayquest-education-finance-private-limited1737011058
154,Branding & Client Engagement,Vendiman Private Limited,Mumbai,6 Months,"₹ 10,000-15,000 /month",https://internshala.com/internship/detail/branding-client-engagement-internship-in-mumbai-at-vendiman-private-limited1737029566
155,Interior Designer - 3D Visualizer Interior Designer - 3D Visualizer,Concept & Ideas,Vasai-Virar,6 Months,"₹ 10,000 /month",https://internshala.com/internship/details/interior-designer-3d-visualizer-interior-designer-3d-visualizer-internship-in-vasai-virar-at-concept-ideas1736961513
156,Marketing,Lakavish Nutratech Pvt. Ltd,Mumbai,3 Months,"₹ 12,000 /month",https://internshala.com/internship/detail/marketing-internship-in-mumbai-at-lakavish-nutratech-pvt-ltd1737010619
157,Marketing,BlueHat Synapse LLP,Dombivli,6 Months,"₹ 10,000-15,000 /month",https://internshala.com/internship/detail/marketing-internship-in-dombivli-at-bluehat-synapse-llp1737011447
158,Teaching,Ratnadeep Hariani,Mumbai,3 Months,"₹ 11,000 /month",https://internshala.com/internship/detail/part-time-teaching-internship-in-mumbai-at-ratnadeep-hariani1737006947
159,Founders Office,Simit Bhagat Studios,Mumbai,3 Months,"₹ 10,000 /month",https://internshala.com/internship/details/founders-office-internship-in-mumbai-at-simit-bhagat-studios1736962358
160,Videography,Rentkar-Switch To Share,Mumbai,6 Months,"₹ 10,000-12,000 /month",https://internshala.com/internship/detail/videography-internship-in-mumbai-at-rentkar-switch-to-share1736944725
161,Back Office Operations,Finansys Capital,Mumbai,6 Months,"₹ 3,000-5,000 /month",https://internshala.com/internship/details/back-office-operations-internship-in-mumbai-at-finansys-capital1736353890
162,Fashion Design,Label AMuse,Mumbai,4 Months,"₹ 8,000 /month",https://internshala.com/internship/detail/part-time-fashion-design-internship-in-mumbai-at-label-amuse1736923736
163,Sales & Marketing,Cove Realty,Mumbai,6 Months,"₹ 10,000 /month",https://internshala.com/internship/details/part-time-sales-marketing-internship-in-mumbai-at-cove-realty1736934202
164,Marketing,Rentkar-Switch To Share,Mumbai,6 Months,"₹ 12,000-15,000 /month",https://internshala.com/internship/detail/marketing-internship-in-mumbai-at-rentkar-switch-to-share1736944695
165,Video Editing/Making,Sepalika,Mumbai                                                            (Hybrid),3 Months,"₹ 10,000 /month",https://internshala.com/internship/detail/part-time-video-editing-making-internship-in-mumbai-at-sepalika1736916594
166,Implementation Manager,Eduxa Consulting,Chennai,6 Months,"₹ 20,000-25,000 /month",https://internshala.com/internship/details/implementation-manager-internship-in-multiple-locations-at-eduxa-consulting1734476371
167,Business Development (Field Sales),TACKER,Chennai                                                            (Hybrid),2 Months,"₹ 8,000 /month",https://internshala.com/internship/detail/part-time-business-development-sales-internship-in-chennai-at-tacker1733116368
168,Transport Operations,Stockarea,Chennai,4 Months,"₹ 10,000 /month",https://internshala.com/internship/details/transport-operations-internship-in-chennai-at-stockarea1737118427
169,Sales Consultant,Jayanth Jewellers,"Chennai, Delhi, Pune, Bangalore, Hyderabad, Mumbai",6 Months,"₹ 10,000 /week +  Incentives",https://internshala.com/internship/details/sales-consultant-internship-in-multiple-locations-at-jayanth-jewellers1737096955
170,Digital Marketing,7 Virtual Assistant Services,Chennai,3 Months,"₹ 7,000 /month",https://internshala.com/internship/detail/digital-marketing-internship-in-chennai-at-7-virtual-assistant-services1736874088
171,Videographer,Velozity Global Solutions,Chennai,1 Month,"₹ 15,000 /month",https://internshala.com/internship/detail/videographer-internship-in-chennai-at-velozity-global-solutions1736314582
172,Cinematographer,Velozity Global Solutions,Chennai,3 Months,"₹ 15,000 /month",https://internshala.com/internship/detail/cinematographer-internship-in-chennai-at-velozity-global-solutions1736314661
173,Operations,7 Virtual Assistant Services,Chennai,3 Months,"₹ 7,000 /month",https://internshala.com/internship/detail/operations-internship-in-chennai-at-7-virtual-assistant-services1736439539
174,Video Editing/Making,The Loupe Cafe,Chennai                                                            (Hybrid),2 Months,"₹ 10,000 /month",https://internshala.com/internship/detail/video-editing-making-internship-in-chennai-at-the-loupe-cafe1736138048
175,Business Development,Energy Alternatives India,Chennai,2 Months,"₹ 15,000 /month",https://internshala.com/internship/details/business-development-internship-in-chennai-at-energy-alternatives-india1736485939
176,Strategy Consulting - Sustainability & Climate Tech,Energy Alternatives India,Chennai,2 Months,"₹ 15,000-20,000 /month",https://internshala.com/internship/details/strategy-consulting-sustainability-climate-tech-internship-in-chennai-at-energy-alternatives-india1736155588
177,Audio Engineer,Energy Alternatives India,Chennai,2 Months,"₹ 15,000 /month",https://internshala.com/internship/detail/audio-engineer-internship-in-chennai-at-energy-alternatives-india1736159664
178,Marketing,Water Town Swim School,Chennai,6 Months,"₹ 7,000 /month",https://internshala.com/internship/detail/part-time-marketing-internship-in-chennai-at-water-town-swim-school1736517793
179,Social Media Marketing,Mindenious Edutech,"Chennai, Coimbatore, Guntur, Kurnool, Madurai, Tirupati, Visakhapatnam, Mumbai, Kanchipuram, Jaipur, Kakinada, Salem, Vellore, Vishakhapatnam, Maharashtra                                                            (Hybrid)",2 Months,"₹ 6,000 /month",https://internshala.com/internship/detail/part-time-social-media-marketing-internship-in-multiple-locations-at-mindenious-edutech1737185533
180,Human Resources (HR),RAMSOL Private Limited,Chennai,3 Months,"₹ 4,000 /month",https://internshala.com/internship/detail/human-resources-hr-internship-in-chennai-at-ramsol-private-limited1737129218
181,Customer Service/Customer Support,Provident Housing,"Chennai, Ernakulam",6 Months,"₹ 15,000 /month",https://internshala.com/internship/details/customer-service-customer-support-internship-in-multiple-locations-at-provident-housing1737113943
182,Digital Marketing,GenY Medium,"Chennai, Hyderabad, Keralapuram",6 Months,"₹ 15,000 /month",https://internshala.com/internship/details/digital-marketing-internship-in-multiple-locations-at-geny-medium1737110751
183,Marketing,LumagiQ,"Chennai, Coimbatore, Madurai, Ooty, Dindigul, Bangalore, Kochi                                                            (Hybrid)",3 Months,"₹ 10,000 lump sum +  Incentives",https://internshala.com/internship/details/part-time-marketing-internship-in-multiple-locations-at-lumagiq1737105325
184,Product Marketing,Mindenious Edutech,"Chennai, Pune, Visakhapatnam, Bangalore, Hyderabad, Bhopal, Mumbai, Jaipur, Noida, Nagpur, Vellore, Ramapuram, Karnataka                                                            (Hybrid)",3 Months,"₹ 8,000-10,000 /month",https://internshala.com/internship/detail/part-time-product-marketing-internship-in-multiple-locations-at-mindenious-edutech1737099697
185,Java Development (Walk-In Urgent Hiring),CYPWNG Software Technologies,"Chennai, Delhi, Bangalore, Hyderabad, Mumbai",6 Months,"₹ 8,000-12,000 /month",https://internshala.com/internship/details/java-development-walk-in-urgent-hiring-internship-in-multiple-locations-at-cypwng-software-technologies1737094891
186,Python Development,CYPWNG Software Technologies,"Chennai, Bangalore, Hyderabad, Mumbai",6 Months,"₹ 8,000-12,000 /month",https://internshala.com/internship/details/python-development-internship-in-multiple-locations-at-cypwng-software-technologies1737094310
187,Python Development (Urgent Hiring),CYPWNG Software Technologies,"Chennai, Pune, Bangalore, Hyderabad, Mumbai",6 Months,"₹ 8,000-12,000 /month",https://internshala.com/internship/details/python-development-urgent-hiring-internship-in-multiple-locations-at-cypwng-software-technologies1737094094
188,Marketing,Mulmul,"Ahmedabad, Chennai, Delhi, Bangalore, Mumbai, Gurgaon, Noida",1 Month,"₹ 8,000-12,000 /month",https://internshala.com/internship/details/marketing-internship-in-multiple-locations-at-mulmul1736932229
189,Campus Ambassador,Refactor Academy Private Limited,"Chennai, Delhi, Gurgaon, Kolkata, Pune, Bangalore, Hyderabad, Mumbai, Kochi, Ahemdabad Kasora",3 Months,Performance Based,https://internshala.com/internship/detail/campus-ambassador-programme-at-refactor-academy-private-limited1736922846
190,WordPress Development,DESPERATELY CINEMA PRIVATE LIMITED,Chennai                                                            (Hybrid),2 Months,"₹ 10,000 /month",https://internshala.com/internship/details/wordpress-development-internship-in-chennai-at-desperately-cinema-private-limited1736916947
191,Social Media Marketing,DESPERATELY CINEMA PRIVATE LIMITED,Chennai                                                            (Hybrid),2 Months,"₹ 3,000 /month +  Incentives",https://internshala.com/internship/details/social-media-marketing-internship-in-chennai-at-desperately-cinema-private-limited1736916331
192,Search Engine Optimization (SEO),Rankraze Digital Marketing Services,Chennai,2 Months,"₹ 6,000 /month +  Incentives",https://internshala.com/internship/detail/search-engine-optimization-seo-internship-in-chennai-at-rankraze-digital-marketing-services1736865581
193,Operations,NeoMotion Assistive Solutions Private Limited,Chennai,6 Months,"₹ 10,000-12,000 /month",https://internshala.com/internship/details/operations-internship-in-chennai-at-neomotion-assistive-solutions-private-limited1736857269
194,Business Development (Sales),Jeevitam,"Chennai, Delhi, Bangalore, Hyderabad, Mumbai, Maharashtra, Uttar Pradesh                                                            (Hybrid)",4 Months,"₹ 8,000 /month",https://internshala.com/internship/detail/business-development-sales-internship-in-multiple-locations-at-jeevitam1736848548
195,JUNIOR DESIGN ENGINEER,Yagen Robotics,Chennai,5 Months,"₹ 5,000-7,000 /month",https://internshala.com/internship/details/junior-design-engineer-internship-in-chennai-at-yagen-robotics1736782918
196,Event Management,Shreya Nag,"Chennai, Bangalore, Mumbai",2 Months,"₹ 10,000-20,000 /month",https://internshala.com/internship/detail/event-management-internship-in-multiple-locations-at-shreya-nag1736774590
197,HR,CYPWNG Software Technologies,"Chennai, Bangalore, Hyderabad",6 Months,"₹ 8,000-12,000 /month",https://internshala.com/internship/details/hr-internship-in-multiple-locations-at-cypwng-software-technologies1736754515
198,WordPress Development,CYPWNG Software Technologies,"Chennai, Bangalore, Hyderabad, Mumbai, Odisha",6 Months,"₹ 10,000-12,500 /month",https://internshala.com/internship/details/wordpress-development-internship-in-multiple-locations-at-cypwng-software-technologies1736753279
199,Human Resources,CYPWNG Software Technologies,"Bangalore, Hyderabad, Chennai, Pune",6 Months,"₹ 8,000-12,000 /month",https://internshala.com/internship/details/human-resources-internship-in-multiple-locations-at-cypwng-software-technologies1736750160
200,Human Resources (HR),CYPWNG Software Technologies,"Chennai, Bangalore, Hyderabad, Pune, Visakhapatnam                                                            (Hybrid)",6 Months,"₹ 8,000-12,000 /month",https://internshala.com/internship/details/human-resources-hr-internship-in-multiple-locations-at-cypwng-software-technologies1736749995
201,Digital Marketing,CYPWNG Software Technologies,"Chennai, Hyderabad, Mumbai",6 Months,"₹ 8,000-12,000 /month",https://internshala.com/internship/details/digital-marketing-internship-in-multiple-locations-at-cypwng-software-technologies1736749521
202,Sales and Marketing,CYPWNG Software Technologies,"Chennai, Hyderabad, Mumbai",6 Months,"₹ 8,000-12,000 /month",https://internshala.com/internship/details/sales-and-marketing-internship-in-multiple-locations-at-cypwng-software-technologies1736748567
203,Franchise - Business Development,Delhivery Private Limited,"Ahmedabad, Faridabad, Chennai, Delhi, Ghaziabad, Gurgaon, Surat, Bangalore, Hyderabad, Jaipur",3 Months,"₹ 15,000-20,000 /month",https://internshala.com/internship/details/franchise-business-development-internship-in-multiple-locations-at-delhivery-private-limited1736747201
204,Apparel Merchandising,Evolv Clothing Company,Chennai,4 Months,"₹ 10,000-15,000 /month",https://internshala.com/internship/detail/apparel-merchandising-internship-in-chennai-at-evolv-clothing-company1736714120
205,Business Development (Sales),Aestheteak Furniture,Chennai,3 Months,"₹ 5,000 /month",https://internshala.com/internship/detail/business-development-sales-internship-in-chennai-at-aestheteak-furniture1736713299
206,Store Fashion Consultant,Intish By Chintya,Chennai,6 Months,"₹ 5,000 /month",https://internshala.com/internship/detail/store-fashion-consultant-internship-in-chennai-at-intish-by-chintya1736687241
207,Data Entry,Bindal Agencies Private Limited,Chennai,6 Months,"₹ 8,000 /month",https://internshala.com/internship/detail/data-entry-internship-in-chennai-at-bindal-agencies-private-limited1736610675
208,Content Writing,Propacity,Pune,3 Months,"₹ 10,000 /month",https://internshala.com/internship/details/content-writing-internship-in-pune-at-chaahat-bansal1736914429
209,Telemarketing - B2B Events,LeadNexus LLP,Pune,3 Months,"₹ 12,000 /month",https://internshala.com/internship/details/telemarketing-b2b-events-internship-in-pune-at-leadnexus-llp1734342406
210,Video Editing/Making,Combat Robotics India Private Limited,Pimpri-Chinchwad,6 Months,"₹ 15,000 /month",https://internshala.com/internship/detail/video-editing-making-internship-in-pimpri-chinchwad-at-combat-robotics-india-private-limited1736264204
211,Business Development (Sales),Return On Web,Pune,3 Months,"₹ 5,000-15,000 /month",https://internshala.com/internship/details/business-development-sales-internship-in-pune-at-return-on-web1737013146
212,Operations & Project Management (Telugu/Tamil/Malayalam),Inspacco,Pune,6 Months,"₹ 6,000-10,000 /month",https://internshala.com/internship/details/operations-project-management-telugu-tamil-malayalam-internship-in-pune-at-inspacco1737183998
213,Media Operations Manager,Indian Farmer,Pune,6 Months,"₹ 10,000-25,000 /month",https://internshala.com/internship/details/media-operations-manager-internship-in-pune-at-indian-farmer1737117320
214,Digital Marketing,RBK Technologies,Pune,3 Months,"₹ 8,500-12,000 /month",https://internshala.com/internship/details/digital-marketing-internship-in-pune-at-rbk-technologies1737096792
215,Scriptwriter,Indian Farmer,Pune,6 Months,"₹ 10,000-25,000 /month",https://internshala.com/internship/details/scriptwriter-internship-in-pune-at-indian-farmer1737117593
216,Content Writing,Relfor Labs Private Limited,Pune,3 Months,"₹ 10,000 /month",https://internshala.com/internship/details/content-writing-internship-in-pune-at-relfor-labs-private-limited1737032062
217,Social Media Content Creation,Anannt Training Institute,Pune,6 Months,"₹ 5,000-10,000 /month",https://internshala.com/internship/detail/part-time-social-media-content-creation-internship-in-pune-at-anannt-training-institute1737113457
218,Lead Generation Specialist,Kaizen Hansei LLP,"Pune, Bangalore, Mumbai, Mysuru                                                            (Hybrid)",4 Months,"₹ 15,000 /month",https://internshala.com/internship/details/lead-generation-specialist-internship-in-multiple-locations-at-kaizen-hansei-llp1737088058
219,Sales Consultant,Jayanth Jewellers,"Chennai, Delhi, Pune, Bangalore, Hyderabad, Mumbai",6 Months,"₹ 10,000 /week +  Incentives",https://internshala.com/internship/details/sales-consultant-internship-in-multiple-locations-at-jayanth-jewellers1737096955
220,Business Development (Sales),Podium Systems Private Limited,Pune,2 Months,"₹ 10,000 /month +  Incentives",https://internshala.com/internship/details/business-development-sales-internship-in-pune-at-podium-systems-private-limited1737011801
221,Corporate Relations/Placement Coordinator,Pune Medical Coding Training Institute,Pune,6 Months,"₹ 15,000-20,000 /month",https://internshala.com/internship/details/corporate-relations-placement-coordinator-internship-in-pune-at-pune-medical-coding-training-institute1737014556
222,Customer Experience Executive,Farmdidi,Pune,3 Months,"₹ 10,000 /month",https://internshala.com/internship/details/customer-experience-executive-internship-in-pune-at-farmdidi1737027719
223,Market Research,ReportsInsights Consulting Pvt Ltd,Pune,6 Months,"₹ 10,000 /month",https://internshala.com/internship/details/market-research-internship-in-pune-at-reportsinsights-consulting-pvt-ltd1737006616
224,Community Management,Wynisco Inc,Pune,6 Months,"₹ 20,000 /month",https://internshala.com/internship/details/community-management-internship-in-pune-at-wynisco-inc1737003033
225,Social Media Marketing,Indian Farmer,Pune,3 Months,"₹ 15,000-35,000 /month",https://internshala.com/internship/details/social-media-marketing-internship-in-pune-at-indian-farmer1737031360
226,Geography Teacher,Tutoratti Learning Center,Pune,6 Months,"₹ 8,000 /month",https://internshala.com/internship/detail/part-time-geography-teacher-internship-in-pune-at-tutoratti-learning-center1737008714
227,Graphic Design,Indian Farmer,Pune,3 Months,"₹ 15,000-35,000 /month",https://internshala.com/internship/details/graphic-design-internship-in-pune-at-indian-farmer1737031260
228,Video Editing/Making,Sarayu Trust,"Pune, Bangalore",6 Months,"₹ 10,000 /month",https://internshala.com/internship/detail/video-editing-making-internship-in-multiple-locations-at-sarayu-trust1737008672
229,Search Engine Optimization (SEO),Pune Medical Coding Training Institute,Pune,6 Months,"₹ 7,000 /month",https://internshala.com/internship/detail/search-engine-optimization-seo-internship-in-pune-at-pune-medical-coding-training-institute1736919309
230,Market Research And Presentation For Business,Digital Factorys,"Pune, Pimpri-Chinchwad",6 Months,"₹ 8,000 /month",https://internshala.com/internship/details/market-research-and-presentation-for-business-internship-in-multiple-locations-at-digital-factorys1736923107
231,Operations,Rentkar-Switch To Share,Pune,6 Months,"₹ 12,000 /month",https://internshala.com/internship/details/operations-internship-in-pune-at-rentkar-switch-to-share1736944267
232,Shadow Teacher And Counselor,Starlit Ability Enhancement Services Private Limited,"Pune, Navi Mumbai, Mumbai",6 Months,"₹ 10,000 /month",https://internshala.com/internship/detail/shadow-teacher-and-counselor-internship-in-multiple-locations-at-starlit-ability-enhancement-services-private-limited1736920664
233,Course Content Writer,ONE XL INFO LLP,Pune,6 Months,"₹ 20,000-30,000 /month",https://internshala.com/internship/details/course-content-writer-internship-in-pune-at-one-xl-info-llp1736769286
234,Senior Content Writer,ONE XL INFO LLP,Pune,6 Months,"₹ 28,000-32,000 /month",https://internshala.com/internship/details/senior-content-writer-internship-in-pune-at-one-xl-info-llp1736769232
235,Marketing And Operations,Dhruv Enterprises,"Pimpri-Chinchwad, Akurdi, Nigdi, Wakad, Ravet, Chinchwad",6 Months,"₹ 8,000 /month +  Incentives",https://internshala.com/internship/detail/marketing-and-operations-internship-in-multiple-locations-at-dhruv-enterprises1736831296
236,Admission Counselor,Tutoratti Learning Center,Pune,6 Months,"₹ 12,000 /month",https://internshala.com/internship/details/admission-counselor-internship-in-pune-at-tutoratti-learning-center1736752976
237,Content Researcher (Podcast),ONE XL INFO LLP,Pune,6 Months,"₹ 20,000-30,000 /month",https://internshala.com/internship/details/content-researcher-podcast-internship-in-pune-at-one-xl-info-llp1736769609
238,Social Media Marketing,Anonymous Click,Pune,6 Months,"₹ 5,000-10,000 /month",https://internshala.com/internship/details/social-media-marketing-internship-in-pune-at-anonymous-click1736865650
239,Graphic Designer,Tutoratti Learning Center,Pune,6 Months,"₹ 8,000 /month",https://internshala.com/internship/details/part-time-graphic-designer-internship-in-pune-at-tutoratti-learning-center1736751550
240,Inside Sales,"AYUSV Technologies Private Limited (Noida, India)","Pune, Bangalore, Noida, Kolkatta (Nepal)",3 Months,"₹ 10,000 /month",https://internshala.com/internship/details/lead-generation-internship-in-multiple-locations-at-ayusv-technologies-private-limited1736491729
241,Media & Public Relations (PR),KaroStartup,"Delhi, Pune, Bangalore, Mumbai                                                            (Hybrid)",3 Months,"₹ 5,000-8,000 /month",https://internshala.com/internship/detail/part-time-media-public-relations-pr-internship-in-multiple-locations-at-karostartup1736857108
242,Video Editing/Making,Creafinity LLP,Pune,6 Months,"₹ 5,000-10,000 /month",https://internshala.com/internship/detail/video-editing-making-internship-in-pune-at-creafinity-llp1736509320
243,Video Editing/Making,What The Flex,Pune,6 Months,"₹ 10,000-15,000 /month",https://internshala.com/internship/detail/video-editing-making-internship-in-pune-at-what-the-flex1736405992
244,Business Development (Sales),Talent Corner HR Services,Pune,3 Months,"₹ 5,000 /month",https://internshala.com/internship/detail/business-development-sales-internship-in-pune-at-talent-corner-hr-services1736509356
245,Video Editing/Making,Pune Medical Coding Training Institute,Hinjawadi,5 Months,"₹ 7,000 /month",https://internshala.com/internship/detail/video-editing-making-internship-in-hinjawadi-at-pune-medical-coding-training-institute1736246069
246,Video Editor,ONE XL INFO LLP,"Pune, Pimpri-Chinchwad",6 Months,"₹ 20,000-35,000 /month",https://internshala.com/internship/detail/video-editor-internship-in-multiple-locations-at-one-xl-info-llp1736418707
247,Business Development (Sales),Creafinity LLP,Pune,6 Months,"₹ 8,000-16,000 /month",https://internshala.com/internship/details/business-development-sales-internship-in-pune-at-creafinity-llp1736509433
248,Business Development (Sales),GrayQuest Education Finance Private Limited,Pune,3 Months,"₹ 12,000 /month",https://internshala.com/internship/details/business-development-sales-internship-in-pune-at-grayquest-education-finance-private-limited1736157576
249,Marketing,DataBaat Technologies Private Limited,Pune,6 Months,"₹ 10,000 /month",https://internshala.com/internship/details/marketing-internship-in-pune-at-databaat-technologies-private-limited1736497222
250,Social Media Manager,ONE XL INFO LLP,"Pune, Pimpri-Chinchwad",6 Months,"₹ 25,000-30,000 /month",https://internshala.com/internship/details/social-media-manager-internship-in-multiple-locations-at-one-xl-info-llp1736418425
251,E-commerce Executive,Digital Factorys,"Pune, Pimpri-Chinchwad",6 Months,"₹ 10,000 /month",https://internshala.com/internship/details/e-commerce-executive-internship-in-multiple-locations-at-digital-factorys1736235953
252,Telecalling,Shikkha Educational Advisory Solutions,Kolkata,3 Months,"₹ 8,000 /month",https://internshala.com/internship/detail/telecalling-internship-in-kolkata-at-shikkha-educational-advisory-solutions1737184449
253,Video Editing/Making,Shikkha Educational Advisory Solutions,Kolkata,3 Months,"₹ 10,000 /month",https://internshala.com/internship/detail/video-editing-making-internship-in-kolkata-at-shikkha-educational-advisory-solutions1737172258
254,Cyber Security,SDSR Consultancy Services Private Limited,Kolkata,1 Month,"₹ 10,000 /month",https://internshala.com/internship/detail/cyber-security-internship-in-kolkata-at-sdsr-consultancy-services-private-limited1737108954
255,Marketing,Shikkha Educational Advisory Solutions,Kolkata,3 Months,"₹ 7,000-15,000 /month",https://internshala.com/internship/details/marketing-internship-in-kolkata-at-shikkha-educational-advisory-solutions1737015897
256,Content Writing,Shikkha Educational Advisory Solutions,Kolkata,3 Months,"₹ 9,000 lump sum",https://internshala.com/internship/details/content-writing-internship-in-kolkata-at-shikkha-educational-advisory-solutions1737003148
257,Business Development (Sales),Shikkha Educational Advisory Solutions,Kolkata,3 Months,"₹ 3,000-8,000 /month",https://internshala.com/internship/details/business-development-sales-internship-in-kolkata-at-shikkha-educational-advisory-solutions1736956515
258,Marketing,VTCPL,Kolkata,6 Months,"₹ 5,000-10,000 /month",https://internshala.com/internship/details/marketing-internship-in-kolkata-at-vtcpl1736831797
259,Operations,SDSR Consultancy Services Private Limited,Kolkata,1 Month,"₹ 10,000 /month",https://internshala.com/internship/details/operations-internship-in-kolkata-at-sdsr-consultancy-services-private-limited1736765399
260,Human Resources (HR),SDSR Consultancy Services Private Limited,Kolkata,1 Month,"₹ 10,000 /month",https://internshala.com/internship/details/human-resources-hr-internship-in-kolkata-at-sdsr-consultancy-services-private-limited1736765418
261,Graphic Design,CareerDNA,Kolkata                                                            (Hybrid),3 Months,"₹ 5,000 /month",https://internshala.com/internship/detail/graphic-design-internship-in-kolkata-at-careerdna1736933643
262,Accounts,SDSR Consultancy Services Private Limited,Kolkata,1 Month,"₹ 15,000 /month",https://internshala.com/internship/detail/accounts-internship-in-kolkata-at-sdsr-consultancy-services-private-limited1736765533
263,Business Development (Sales),WhizJuniors,Kolkata,6 Months,"₹ 10,000 /month",https://internshala.com/internship/details/business-development-sales-internship-in-kolkata-at-whizjuniors1736593523
264,Equity Analyst,SDSR Consultancy Services Private Limited,Kolkata,1 Month,"₹ 10,000-15,000 /month",https://internshala.com/internship/detail/equity-analyst-internship-in-kolkata-at-sdsr-consultancy-services-private-limited1736359586
265,Marketing,Water Town Swim School,Kolkata,6 Months,"₹ 7,000 /month",https://internshala.com/internship/detail/part-time-marketing-internship-in-kolkata-at-water-town-swim-school1736517867
266,Graphic Design,Bonn Tonn,Kolkata,3 Months,"₹ 10,000 /month",https://internshala.com/internship/details/graphic-design-internship-in-kolkata-at-bonn-tonn1736576986
267,Interior Design,SDSR Consultancy Services Private Limited,Kolkata,1 Month,"₹ 10,000 /month",https://internshala.com/internship/detail/interior-design-internship-in-kolkata-at-sdsr-consultancy-services-private-limited1736359815
268,Illustration Artist,The Great Indian Studio,Kolkata,3 Months,"₹ 4,000-10,000 /month",https://internshala.com/internship/detail/illustration-artist-internship-in-kolkata-at-the-great-indian-studio1734434146
269,Content Writing,Arobit Business Solutions Private Limited,Kolkata,6 Months,"₹ 10,000-12,000 /month",https://internshala.com/internship/details/content-writing-internship-in-kolkata-at-arobit-business-solutions-private-limited1736839582
270,CA Articleship,SUMAN KUMAR AGARWAL & ASSOCIATES,Kolkata,24 Months,"₹ 8,000-14,000 /month",https://internshala.com/internship/details/ca-articleship-internship-in-kolkata-at-suman-kumar-agarwal-associates1735904021
271,WordPress Development,Elegant Pro Designs,Kolkata,4 Months,"₹ 5,000 /month",https://internshala.com/internship/detail/wordpress-development-internship-in-kolkata-at-elegant-pro-designs1737128453
272,Survey Operations,Forum For Green Folk,Kolkata,1 Month,"₹ 5,000 /month",https://internshala.com/internship/detail/survey-operations-internship-in-kolkata-at-forum-for-green-folk1737094818
273,Auditing & Accounting,Value Kare Healthtech LLP,"Kolkata, Jaipur, Bangalore, Delhi",3 Months,"₹ 10,000 /month",https://internshala.com/internship/details/auditing-accounting-internship-in-multiple-locations-at-value-kare-healthtech-llp1737091956
274,Graphic Design,Slaughter & Fox,"Delhi, Kolkata",6 Months,"₹ 10,000-15,000 /month",https://internshala.com/internship/details/graphic-design-internship-in-multiple-locations-at-slaughter-fox1736999441
275,HR Consultant,CBRE,Kolkata,3 Months,"₹ 2,000-3,000 /month",https://internshala.com/internship/detail/hr-consultant-internship-in-kolkata-at-cbre1736942754
276,Content Writing,Bengal Tea And Fabrics Limited,Kolkata,3 Months,"₹ 5,000-8,000 /month",https://internshala.com/internship/details/part-time-content-writing-internship-in-kolkata-at-bengal-tea-and-fabrics-limited1736931623
277,Campus Ambassador,Refactor Academy Private Limited,"Chennai, Delhi, Gurgaon, Kolkata, Pune, Bangalore, Hyderabad, Mumbai, Kochi, Ahemdabad Kasora",3 Months,Performance Based,https://internshala.com/internship/detail/campus-ambassador-programme-at-refactor-academy-private-limited1736922846
278,Digital Marketing,Seo Orb Digital Solutions,Kolkata,6 Months,"₹ 10,000 /month",https://internshala.com/internship/details/digital-marketing-internship-in-kolkata-at-seo-orb-digital-solutions1736916248
279,Search Engine Optimization (SEO),Ayumantra,Kolkata,6 Months,"₹ 6,000 /month",https://internshala.com/internship/detail/search-engine-optimization-seo-internship-in-kolkata-at-ayumantra1736868912
280,Photography,Framed,Kolkata,6 Months,"₹ 5,000-10,000 /month",https://internshala.com/internship/detail/photography-internship-in-kolkata-at-framed1736867024
281,Digital Marketing,Sigler Digital Solution Private Limited,"Durgapur, Kolkata                                                            (Hybrid)",2 Months,"₹ 6,500-7,000 /month",https://internshala.com/internship/detail/digital-marketing-internship-in-multiple-locations-at-sigler-digital-solution-private-limited1736824224
282,Accounting & Taxation,A. Lath & Co.,Kolkata,6 Months,"₹ 3,500-5,500 /month",https://internshala.com/internship/detail/accounting-taxation-internship-in-kolkata-at-a-lath-co1736826747
283,Sales Consultant,Flying Horses Advertising & Marketing LLP,Kolkata,6 Months,"₹ 8,000-12,000 /month",https://internshala.com/internship/details/sales-consultant-internship-in-kolkata-at-flying-horses-advertising-marketing-llp1736824681
284,Content Writing,AVE Enterprise,Kolkata                                                            (Hybrid),3 Months,"₹ 5,000 /month",https://internshala.com/internship/detail/content-writing-internship-in-kolkata-at-ave-enterprise1736779701
285,Human Resources (HR),Vauras Advisory Services Private Limited,Kolkata,3 Months,"₹ 8,000 /month",https://internshala.com/internship/detail/human-resources-hr-internship-in-kolkata-at-vauras-advisory-services-private-limited1736761917
286,Graphic Design,Webaddictz,Kolkata                                                            (Hybrid),6 Months,"₹ 10,000 /month",https://internshala.com/internship/details/graphic-design-internship-in-kolkata-at-webaddictz1736760663
287,Social Media Marketing,Outbox,Kolkata                                                            (Hybrid),4 Months,"₹ 6,000-8,000 /month",https://internshala.com/internship/detail/part-time-social-media-marketing-internship-in-kolkata-at-outbox1736760791
288,Graphic Design,InfluCon Digitals LLP,Kolkata,3 Months,"₹ 8,000-10,000 /month",https://internshala.com/internship/details/graphic-design-internship-in-kolkata-at-influcon-digitals-llp1736749651
289,Videography,Ruceru,Kolkata,3 Months,"₹ 4,000-7,000 /month",https://internshala.com/internship/detail/part-time-videography-internship-in-kolkata-at-ruceru1736748869
290,Marketing,Let's Toast Events,Kolkata,6 Months,"₹ 7,000 /month",https://internshala.com/internship/detail/marketing-internship-in-kolkata-at-anushree-todi1736748193
291,Architecture,Saltec International,Kolkata                                                            (Hybrid),5 Months,"₹ 6,000 /month",https://internshala.com/internship/detail/architecture-internship-in-kolkata-at-saltec-international1736748041
